> <h1 id=""></h1>
- [**mysqlç®¡ç† â€Œ**](#mysqlç®¡ç†)
	- [åŸºæœ¬å‘½ä»¤è¡Œ](#åŸºæœ¬å‘½ä»¤è¡Œ)
	- [ç»ˆç«¯å•è¡Œä¿®æ”¹sqlè¯­å¥](#ç»ˆç«¯å•è¡Œä¿®æ”¹sqlè¯­å¥)
	- [ç»ˆç«¯å¤šè¡Œä¿®æ”¹sqlè¯­å¥](#ç»ˆç«¯å¤šè¡Œä¿®æ”¹sqlè¯­å¥)
- [**åŸºæœ¬ä¿¡æ¯**](#åŸºæœ¬ä¿¡æ¯)
	- [æŸ¥çœ‹åˆ›å»ºè¡¨ä¿¡æ¯](#æŸ¥çœ‹åˆ›å»ºè¡¨ä¿¡æ¯)
	- [æŸ¥çœ‹è¡¨ç¼–ç ](#æŸ¥çœ‹è¡¨ç¼–ç )
- [**å…³ç³»æ¨¡å‹**](#å…³ç³»æ¨¡å‹)
	- [ä¸»é”®](#ä¸»é”®)
	- [å¤–é”®](#å¤–é”®)
	- [ç´¢å¼•](#ç´¢å¼•)
- [åˆ›å»ºè¡¨](#åˆ›å»ºè¡¨)
- [è¿æ¥join](è¿æ¥join)
	- [è¿æ¥inner join](#è¿æ¥innerJoin)
		- [å»ºè¡¨ã€æ’å…¥è¡¨](#å»ºè¡¨ã€æ’å…¥è¡¨)
		- [æ•°æ®ç±»å‹çº¦æŸè®²è§£](#æ•°æ®ç±»å‹çº¦æŸè®²è§£)
- **èµ„æ–™**
	- [å»–é›ªå³°SQLæ•™ç¨‹-(å¯ä»¥æ‰§è¡Œsqlè¯­å¥æŸ¥çœ‹ç»“æœ)](https://liaoxuefeng.com/books/sql/relational/foreign-key/index.html)
	- [SQL-èœé¸Ÿæ•™ç¨‹](https://www.runoob.com/sql/sql-tutorial.html)


<br/><br/><br/>

***
<br/>

> <h1 id="mysqlç®¡ç†">mysqlç®¡ç†</h1>
<br/>

> <h2 id="åŸºæœ¬å‘½ä»¤è¡Œ">åŸºæœ¬å‘½ä»¤è¡Œ</h2>

| **å‘½ä»¤è¡Œ** | ä½œç”¨ | æ•ˆæœ |
|:--|:--| :--|
| sudo /usr/local/mysql/support-files/mysql.server start <br/> <br/>// è‹¥æ˜¯é…ç½®äº†ç¯å¢ƒå˜é‡åå¯ä»¥: <br/> sudo mysql.server start | **â€Œ å¯åŠ¨ MySQL æœåŠ¡** | Starting MySQL <br/>SUCCESS!  |
| sudo mysql.server stop | **å…³é—­ MySQL æœåŠ¡** |  |
| sudo restart | **é‡å¯ MySQL æœåŠ¡** |  |
| sudo mysql.server status | æ£€æŸ¥ MySQL æœåŠ¡çŠ¶æ€ | SUCCESS! MySQL running (99253) |
| sudo mysql -u root -p | è¿›å…¥mysqlæŒ‡ä»¤ç¯å¢ƒ(å¦åˆ™æ— æ³•é€šè¿‡sqlè¯­å¥åœ¨ç»ˆç«¯æ“ä½œæ•°æ®åº“) |  |
| show databases | åˆ—å‡º MySQL æ•°æ®åº“ç®¡ç†ç³»ç»Ÿçš„æ•°æ®åº“åˆ—è¡¨ |  |
| use db_test(æ•°æ®åº“å); | USE æ•°æ®åº“å |  |
| show tables; | æ˜¾ç¤ºæŒ‡å®šæ•°æ®åº“çš„æ‰€æœ‰è¡¨ï¼Œä½¿ç”¨è¯¥å‘½ä»¤å‰éœ€è¦ä½¿ç”¨ use å‘½ä»¤æ¥é€‰æ‹©è¦æ“ä½œçš„æ•°æ®åº“ |  |
| exit; <br/><br/> quit; | é€€å‡º mysql> å‘½ä»¤æç¤ºçª—å£å¯ä»¥ä½¿ç”¨ exit å‘½ä»¤ |  |
| ALTER TABLE old_table_name RENAME TO new_table_name; | ä¿®æ”¹è¡¨åold_table_nameä¸ºnew_table_name | |
|  |  |  |
|  |  |  |

<br/><br/>

**è¦æƒ³åœ¨ç»ˆç«¯é€šè¿‡Shellå‘½ä»¤æ“ä½œæ•°æ®åº“,ä½ éœ€è¦è¿›å…¥sqlçš„æŒ‡ä»¤ç¯å¢ƒå¦‚ä¸‹:**

```sh
mysql -u root -p;                      
Enter password: 

Welcome to the MySQL monitor.  Commands end with ; or \g.
Your MySQL connection id is 26
Server version: 8.4.0 MySQL Community Server - GPL

Copyright (c) 2000, 2024, Oracle and/or its affiliates.

Oracle is a registered trademark of Oracle Corporation and/or its
affiliates. Other names may be trademarks of their respective
owners.

Type 'help;' or '\h' for help. Type '\c' to clear the current input statement.
```

<br/>

**æŸ¥çœ‹æ•°æ®åº“ç‰ˆæœ¬:**

```sh
SELECT VERSION();
+-----------+
| VERSION() |
+-----------+
| 8.4.0     |
+-----------+
1 row in set (0.00 sec)
```

<br/>

**åˆ—å‡º MySQL æ•°æ®åº“ç®¡ç†ç³»ç»Ÿçš„æ•°æ®åº“åˆ—è¡¨**

```sh
mysql> show databases;

+--------------------+
| Database           |
+--------------------+
| db_test            |
| information_schema |
| mysql              |
| performance_schema |
| sys                |
+--------------------+
5 rows in set (0.01 sec)
```

<br/>

**ä½¿ç”¨db_testæ•°æ®åº“**

```sh
use db_test;

Reading table information for completion of table and column names
You can turn off this feature to get a quicker startup with -A

Database changed
```

<br/>

**å±•ç¤ºdb_testæ•°æ®åº“ä¸‹çš„æ‰€æœ‰çš„æ•°æ®è¡¨:**

```sh
mysql> show tables;

+-------------------+
| Tables_in_db_test |
+-------------------+
| blog_article      |
| blog_auth         |
| blog_tag          |
| sp_douban_movie   |
| user              |
+-------------------+
5 rows in set (0.01 sec)
```

<br/>

**æ˜¾ç¤ºuseræ•°æ®è¡¨çš„å±æ€§ï¼Œå±æ€§ç±»å‹ï¼Œä¸»é”®ä¿¡æ¯ ï¼Œæ˜¯å¦ä¸º NULLï¼Œé»˜è®¤å€¼ç­‰å…¶ä»–ä¿¡æ¯ã€‚**

```sh
show columns from user;

+-------+--------------+------+-----+---------+-------+
| Field | Type         | Null | Key | Default | Extra |
+-------+--------------+------+-----+---------+-------+
| id    | int          | NO   | PRI | NULL    |       |
| name  | varchar(191) | YES  |     | NULL    |       |
| age   | int          | YES  |     | NULL    |       |
| sex   | tinyint      | YES  |     | NULL    |       |
| phone | varchar(191) | YES  |     | NULL    |       |
+-------+--------------+------+-----+---------+-------+
5 rows in set (0.01 sec)
```

<br/>

**è¾“å‡ºdb_testæ•°æ®åº“ç®¡ç†ç³»ç»Ÿçš„æ€§èƒ½åŠç»Ÿè®¡ä¿¡æ¯**

```sh
show table status from db_test;

mysql> show table status from db_test;
+-----------------+--------+---------+------------+------+----------------+-------------+-----------------+--------------+-----------+----------------+---------------------+---------------------+------------+--------------------+----------+----------------+--------------------+
| Name            | Engine | Version | Row_format | Rows | Avg_row_length | Data_length | Max_data_length | Index_length | Data_free | Auto_increment | Create_time         | Update_time         | Check_time | Collation          | Checksum | Create_options | Comment            |
+-----------------+--------+---------+------------+------+----------------+-------------+-----------------+--------------+-----------+----------------+---------------------+---------------------+------------+--------------------+----------+----------------+--------------------+
| blog_article    | InnoDB |      10 | Dynamic    |    0 |              0 |       16384 |               0 |            0 |         0 |              1 | 2025-03-19 18:17:07 | NULL                | NULL       | utf8mb3_general_ci |     NULL |                | æ–‡ç« ç®¡ç†           |
| blog_auth       | InnoDB |      10 | Dynamic    |    1 |          16384 |       16384 |               0 |            0 |         0 |              2 | 2025-03-19 18:17:07 | 2025-03-19 18:17:07 | NULL       | utf8mb3_general_ci |     NULL |                |                    |
| blog_tag        | InnoDB |      10 | Dynamic    |    0 |              0 |       16384 |               0 |            0 |         0 |              1 | 2025-03-19 18:17:07 | NULL                | NULL       | utf8mb3_general_ci |     NULL |                | æ–‡ç« æ ‡ç­¾ç®¡ç†       |
| gorm_user       | InnoDB |      10 | Dynamic    |    4 |           4096 |       16384 |               0 |            0 |         0 |              5 | 2025-03-19 19:00:18 | 2025-03-20 20:06:38 | NULL       | utf8mb4_0900_ai_ci |     NULL |                |                    |
| sp_douban_movie | InnoDB |      10 | Dynamic    |    0 |              0 |       16384 |               0 |            0 |         0 |              1 | 2025-03-05 14:21:56 | NULL                | NULL       | utf8mb4_0900_ai_ci |     NULL |                |                    |
| user            | InnoDB |      10 | Dynamic    |    1 |          16384 |       16384 |               0 |            0 |         0 |           NULL | 2025-03-19 16:25:25 | NULL                | NULL       | utf8mb4_0900_ai_ci |     NULL |                |                    |
+-----------------+--------+---------+------------+------+----------------+-------------+-----------------+--------------+-----------+----------------+---------------------+---------------------+------------+--------------------+----------+----------------+--------------------+
6 rows in set (0.01 sec)
```

<br/><br/><br/>
> <h2 id="ç»ˆç«¯å•è¡Œä¿®æ”¹sqlè¯­å¥">ç»ˆç«¯å•è¡Œä¿®æ”¹sqlè¯­å¥</h2>

| åŠŸèƒ½ | Windows/Linux å¿«æ·é”®	| Mac ç­‰æ•ˆæ“ä½œ| 
| :-- | :-- | :--|  
| åˆ é™¤å‰å­—ç¬¦| 	Backspace | 	Delete é”®| 
| åˆ é™¤åå­—ç¬¦	| Delete æˆ– Ctrl+D	| Fn + Delete | 
| è·³è¡Œé¦–/è¡Œå°¾	| Ctrl+A/Ctrl+E	| åŒ Ctrl+A/Ctrl+E âœ… | 
| åˆ é™¤åˆ°å•è¯å¼€å¤´	| Ctrl+W	| Ctrl+W âœ… | 
| åˆ é™¤åˆ°è¡Œå°¾	| Ctrl+K	| Ctrl+K âœ… | 


<br/><br/><br/>

***
<br/>

> <h1 id="åŸºæœ¬ä¿¡æ¯">åŸºæœ¬ä¿¡æ¯</h1>

**åˆ›å»ºæ•°æ®åº“ï¼š**

```sql
create database HGDatabase;
Query OK, 1 row affected (0.02 sec)

 show databases;
+--------------------+
| Database           |
+--------------------+
| HGDatabase         |
| information_schema |
| mysql              |
| performance_schema |
| sys                |
+--------------------+
5 rows in set (0.00 sec)
```

<br/>

**åˆ›å»º employees è¡¨**

```sql
 create table employees(id int, name varchar(15));
Query OK, 0 rows affected (0.10 sec)

mysql> show tables;
+----------------------+
| Tables_in_hgdatabase |
+----------------------+
| employees            |
+----------------------+
1 row in set (0.00 sec)
```

<br/>

**æ’å…¥æ•°æ®ï¼š**

```sql
insert into employees values(1001, 'Tom');

insert into employees values(1002, 'shtart');

insert into employees values(1003, 'æç™½');

```

***
<br/><br/>
> <h3 id="æŸ¥çœ‹åˆ›å»ºè¡¨ä¿¡æ¯">æŸ¥çœ‹åˆ›å»ºè¡¨ä¿¡æ¯</h3>


**å±•ç¤ºåˆ›å»ºè¡¨employeesä¿¡æ¯ï¼š**

```sql
show create table employees;
+-----------+----------------------------------------------------------------------------------------------------------------------------------------------------------+
| Table     | Create Table                                                                                                                                             |
+-----------+----------------------------------------------------------------------------------------------------------------------------------------------------------+
| employees | CREATE TABLE `employees` (
  `id` int DEFAULT NULL,
  `name` varchar(15) DEFAULT NULL
) ENGINE=InnoDB DEFAULT CHARSET=utf8mb4 COLLATE=utf8mb4_0900_ai_ci |
+-----------+----------------------------------------------------------------------------------------------------------------------------------------------------------+
1 row in set (0.01 sec)
```

`CHARSET=utf8mb4 COLLATE=utf8mb4_0900_ai_ciï¼š` è¡¨ç¤ºè¡¨çš„ç¼–ç ï¼Œè‹¥ä¸æ˜¯utf8å¯èƒ½æ— æ³•æ’å…¥ä¸­æ–‡æ•°æ®ï¼Œè¦æ³¨æ„ã€‚

***<br/><br/>
> <h3 id="æŸ¥çœ‹è¡¨ç¼–ç ">æŸ¥çœ‹è¡¨ç¼–ç </h3>


**æŸ¥çœ‹ç¼–ç æŒ‡ä»¤ï¼š**

```sql
mysql> show variables like 'character_%'
    -> ;
+--------------------------+--------------------------------------------------------+
| Variable_name            | Value                                                  |
+--------------------------+--------------------------------------------------------+
| character_set_client     | utf8mb4                                                |
| character_set_connection | utf8mb4                                                |
| character_set_database   | utf8mb4                                                |
| character_set_filesystem | binary                                                 |
| character_set_results    | utf8mb4                                                |
| character_set_server     | utf8mb4                                                |
| character_set_system     | utf8                                                   |
| character_sets_dir       | /usr/local/Cellar/mysql/8.0.23_1/share/mysql/charsets/ |
+--------------------------+--------------------------------------------------------+
8 rows in set (0.05 sec)
```

<br/>


```sql

```

<br/>



```sql

```

<br/>


```sql

```

<br/>


```sql

```

<br/>



```sql

```

<br/>



```sql

```

<br/>


```sql

```

<br/>






<br/><br/><br/>
> <h2 id="ç»ˆç«¯å¤šè¡Œä¿®æ”¹sqlè¯­å¥">ç»ˆç«¯å¤šè¡Œä¿®æ”¹sqlè¯­å¥</h2>


```sh
mysql> CREATE TABLE test_teacher00 (
    -> id_num INT PRIMARY KEY AUTO_INCREMENT,
    -> age INT NOT NULL,
    -> 
```

åœ¨ macOS ç»ˆç«¯çš„ `mysql` å‘½ä»¤è¡Œä¸­ï¼Œæ— æ³•ç›´æ¥ç”¨é¼ æ ‡æˆ–å¿«æ·é”®åœ¨ SQL è¯­å¥å†…éƒ¨è‡ªç”±ç§»åŠ¨å…‰æ ‡å¹¶ä¿®æ”¹å·²è¾“å…¥çš„å†…å®¹ã€‚ä½†å¯ä»¥é‡‡å–ä»¥ä¸‹æ–¹æ³•è§£å†³ï¼š  

- **æ–¹æ³• 1ï¼šä½¿ç”¨ Ctrl + C å–æ¶ˆå½“å‰è¾“å…¥**  
å› ä¸º `mysql>` æç¤ºç¬¦æ˜¾ç¤º `->` è¯´æ˜å½“å‰ SQL è¯­å¥æ²¡æœ‰ç»“æŸï¼Œä»åœ¨ç­‰å¾…è¾“å…¥ã€‚è¿™æ—¶ï¼Œä½ å¯ä»¥æŒ‰ **`Ctrl + C`** ç»ˆæ­¢å½“å‰è¾“å…¥ï¼Œé‡æ–°å¼€å§‹è¾“å…¥æ­£ç¡®çš„ SQL è¯­å¥ã€‚

<br/>

- **æ–¹æ³• 2ï¼šä½¿ç”¨ `\c` å–æ¶ˆå½“å‰è¾“å…¥**  
å¦‚æœå·²ç»è¾“å…¥äº†ä¸€éƒ¨åˆ† SQL ä½†æœªæ‰§è¡Œï¼Œå¯ä»¥è¾“å…¥ `\c` ç„¶åæŒ‰å›è½¦ï¼Œå–æ¶ˆå½“å‰ SQL è¯­å¥ï¼Œä¹‹åé‡æ–°è¾“å…¥ï¼š  

```sql
mysql> \c
```
ç„¶åé‡æ–°æ­£ç¡®è¾“å…¥ `CREATE TABLE` è¯­å¥ã€‚

<br/>

**æ–¹æ³• 3ï¼šä½¿ç”¨ `edit` å‘½ä»¤ï¼ˆæ¨èï¼‰**
å¦‚æœä½ çš„ MySQL æ”¯æŒ `edit` å‘½ä»¤ï¼Œä½ å¯ä»¥åœ¨è¾“å…¥ SQL è¯­å¥æ—¶è¾“å…¥ï¼š

```sql
mysql> \e
```
è¿™ä¼šæ‰“å¼€é»˜è®¤çš„æ–‡æœ¬ç¼–è¾‘å™¨ï¼ˆé€šå¸¸æ˜¯ `vi` æˆ– `nano`ï¼‰ï¼Œä½ å¯ä»¥åœ¨å…¶ä¸­ç¼–è¾‘ SQL è¯­å¥ï¼Œç¼–è¾‘å®Œæˆåä¿å­˜é€€å‡ºï¼ŒMySQL ä¼šè‡ªåŠ¨æ‰§è¡Œä¿®æ”¹åçš„ SQL è¯­å¥ã€‚
<br/>

**vimé€€å‡ºæ–¹æ³•:**
- æŒ‰ I é”®æ˜¯è¿›å…¥ç¼–è¾‘æ¨¡å¼
- æŒ‰ Esc é€€å‡ºç¼–è¾‘æ¨¡å¼;
	- è¾“å…¥ :wq ç„¶åæŒ‰ Enter è¿›è¡Œä¿å­˜å¹¶é€€å‡º;
	- å¼ºåˆ¶é€€å‡ºä¸ä¿å­˜ï¼Œå¯ä»¥ä½¿ç”¨ :q!

<br/>

- **æ–¹æ³• 4ï¼šä½¿ç”¨ `source` æ–¹å¼æ‰§è¡Œ SQL æ–‡ä»¶**  
å¦‚æœ SQL è¯­å¥è¾ƒé•¿ï¼Œå¯ä»¥ä½¿ç”¨æ–‡æœ¬ç¼–è¾‘å™¨ï¼ˆå¦‚ `vim` æˆ– `nano`ï¼‰ç¼–è¾‘ SQL æ–‡ä»¶ï¼Œç„¶ååœ¨ MySQL ç»ˆç«¯æ‰§è¡Œï¼š

```sql
mysql> source /path/to/sqlfile.sql;
```
è¿™æ ·å¯ä»¥æ›´æ–¹ä¾¿åœ°ç¼–è¾‘å’Œä¿®æ”¹ SQL è¯­å¥ã€‚



<br/><br/><br/>

***
<br/>

> <h1 id="å…³ç³»æ¨¡å‹">å…³ç³»æ¨¡å‹</h1>
<br/>

> <h2 id="ä¸»é”®">ä¸»é”®</h2>
åœ¨å…³ç³»æ•°æ®åº“ä¸­ï¼Œä¸€å¼ è¡¨ä¸­çš„æ¯ä¸€è¡Œæ•°æ®è¢«ç§°ä¸ºä¸€æ¡è®°å½•ã€‚ä¸€æ¡è®°å½•å°±æ˜¯ç”±å¤šä¸ªå­—æ®µç»„æˆçš„ã€‚ä¾‹å¦‚ï¼Œstudentsè¡¨çš„ä¸¤è¡Œè®°å½•ï¼š

| id	| class_id	| name	| gender | 	score | 
|:--|:--|:--|:--|:--|
| 1	| 1	| å°æ˜	| M	| 90 | 
| 2	| 1	| å°çº¢	| F	| 95 | 

æ¯ä¸€æ¡è®°å½•éƒ½åŒ…å«è‹¥å¹²å®šä¹‰å¥½çš„å­—æ®µã€‚åŒä¸€ä¸ªè¡¨çš„æ‰€æœ‰è®°å½•éƒ½æœ‰ç›¸åŒçš„å­—æ®µå®šä¹‰ã€‚

å¯¹äºå…³ç³»è¡¨ï¼Œæœ‰ä¸ªå¾ˆé‡è¦çš„çº¦æŸï¼Œå°±æ˜¯ä»»æ„ä¸¤æ¡è®°å½•ä¸èƒ½é‡å¤ã€‚ä¸èƒ½é‡å¤ä¸æ˜¯æŒ‡ä¸¤æ¡è®°å½•ä¸å®Œå…¨ç›¸åŒï¼Œè€Œæ˜¯æŒ‡èƒ½å¤Ÿé€šè¿‡æŸä¸ªå­—æ®µå”¯ä¸€åŒºåˆ†å‡ºä¸åŒçš„è®°å½•ï¼Œè¿™ä¸ªå­—æ®µè¢«ç§°ä¸ºä¸»é”®ã€‚

<br/><br/><br/>
> <h2 id="å¤–é”®">å¤–é”®</h2>


<br/><br/><br/>
> <h2 id="ç´¢å¼•">ç´¢å¼•</h2>


<br/><br/><br/>

***
<br/>

> <h1 id="åˆ›å»ºè¡¨">åˆ›å»ºè¡¨</h1>





<br/><br/><br/>

***
<br/>

> <h1 id="è¿æ¥">è¿æ¥</h1>



<br/><br/><br/>

># <h2 id="è¿æ¥innerJoin">[è¿æ¥inner join](https://www.runoob.com/sql/sql-join-inner.html)</h2>

```sql
SELECT a.* 
FROM test_articles a 
JOIN test_article_tags at ON a.id = at.article_model_id 
JOIN test_tags t ON at.tag_model_id = t.id 
WHERE t.tag = 'Golang' 
LIMIT 20 OFFSET 0;
```
è®©æˆ‘ä»¬é€æ­¥è§£æè¿™ä¸ªåŒ…å«å¤šè¡¨å…³è”çš„SQLæŸ¥è¯¢ï¼Œç»“åˆç¤ºä¾‹æ•°æ®è¡¨è¯´æ˜æ¯ä¸ªç¯èŠ‚çš„ä½œç”¨ï¼š

<br/><br/>
> <h3 id="å»ºè¡¨ã€æ’å…¥è¡¨">å»ºè¡¨ã€æ’å…¥è¡¨</h3>

- **1.æ•°æ®è¡¨ç»“æ„è¯´æ˜**
å‡è®¾æˆ‘ä»¬æœ‰3ä¸ªæ•°æ®è¡¨ï¼štest_articlesï¼ˆæ–‡ç« è¡¨ï¼‰ã€tagsï¼ˆæ ‡ç­¾è¡¨ï¼‰ã€article_tagsï¼ˆæ–‡ç« -æ ‡ç­¾å…³ç³»è¡¨ï¼‰.
<br/>

**åˆ›å»º articlesï¼ˆæ–‡ç« è¡¨ï¼‰:**

```sql
CREATE TABLE test_articles (
    id INT PRIMARY KEY AUTO_INCREMENT,  -- è‡ªå¢ ID
    title VARCHAR(255) NOT NULL,        -- æ–‡ç« æ ‡é¢˜
    content TEXT NOT NULL,              -- æ–‡ç« å†…å®¹
    created_at TIMESTAMP DEFAULT CURRENT_TIMESTAMP, -- åˆ›å»ºæ—¶é—´
    updated_at TIMESTAMP DEFAULT CURRENT_TIMESTAMP ON UPDATE CURRENT_TIMESTAMP -- æ›´æ–°æ—¶é—´
);
```

<br/><br/>
> <h3 id="æ•°æ®ç±»å‹çº¦æŸè®²è§£">æ•°æ®ç±»å‹çº¦æŸè®²è§£</h3>

**1ï¸âƒ£æ•°æ®ç±»å‹çº¦æŸè¯¦è§£:**

```sql
created_at TIMESTAMP DEFAULT CURRENT_TIMESTAMP
```

**ä½œç”¨ï¼š**
- è‡ªåŠ¨è®°å½•æ•°æ®åˆ›å»ºæ—¶é—´
å½“å‘è¡¨ä¸­æ’å…¥æ–°è®°å½•æ—¶ï¼Œå¦‚æœæœªæ˜¾å¼æŒ‡å®š created_at çš„å€¼ï¼Œæ•°æ®åº“ä¼šè‡ªåŠ¨å°†å½“å‰æ—¶é—´æˆ³ï¼ˆæœåŠ¡å™¨æ—¶é—´ï¼‰å­˜å…¥è¯¥å­—æ®µ

- **å…³é”®ç‰¹æ€§ï¼š**
	- ä»…è§¦å‘ä¸€æ¬¡ï¼šåªåœ¨æ•°æ®æ’å…¥æ—¶è‡ªåŠ¨å¡«å……
	- ä¸å¯ä¿®æ”¹ï¼šé™¤éæ‰‹åŠ¨æ›´æ–°è¯¥å­—æ®µå€¼
	- å…¸å‹ç”¨é€”ï¼šæ•°æ®åˆ›å»ºæ—¶é—´çš„å®¡è®¡è¿½è¸ª

<br/>

**2ï¸âƒ£æ•°æ®ç±»å‹çº¦æŸè¯¦è§£:**

```sql
updated_at TIMESTAMP DEFAULT 0 ON UPDATE CURRENT_TIMESTAMP
```


- **ä½œç”¨ï¼š**
	- åˆå§‹é»˜è®¤å€¼ï¼šDEFAULT 0
		- æ’å…¥æ•°æ®æ—¶è‹¥æœªæŒ‡å®šå€¼ï¼Œä¼šå­˜å…¥ 0000-00-00 00:00:00ï¼ˆé›¶æ—¥æœŸå€¼ï¼‰
	- è‡ªåŠ¨æ›´æ–°æ—¶é—´ï¼šON UPDATE CURRENT_TIMESTAMP
		- å½“è®°å½•å‘ç”Ÿä»»ä½•æ›´æ–°æ—¶ï¼Œè‡ªåŠ¨å°†å½“å‰æ—¶é—´æˆ³å†™å…¥è¯¥å­—æ®µ
<br/>

**æ’å…¥æ•°æ®:**

```sql
mysql> INSERT INTO test_articles (title, content) VALUES 
    -> ('Golang å…¥é—¨æŒ‡å—', 'å­¦ä¹  Go è¯­è¨€åŸºç¡€'),
    -> ('æ·±å…¥ç†è§£æ•°æ®åº“ç´¢å¼•', 'è®²è§£æ•°æ®åº“ç´¢å¼•åŸç†'),
    -> ('åˆ†å¸ƒå¼ç³»ç»Ÿè®¾è®¡', 'åˆ†å¸ƒå¼æ¶æ„æ ¸å¿ƒæ¦‚å¿µ');
Query OK, 3 rows affected (0.01 sec)
Records: 3  Duplicates: 0  Warnings: 0
```

**æŸ¥çœ‹æ•°æ®:**

```sql
mysql> select * from test_articles;

+----+-----------------------------+-----------------------------+---------------------+---------------------+
| id | title                       | content                     | created_at          | updated_at          |
+----+-----------------------------+-----------------------------+---------------------+---------------------+
|  1 | Golang å…¥é—¨æŒ‡å—             | å­¦ä¹  Go è¯­è¨€åŸºç¡€            | 2025-03-24 12:09:49 | 2025-03-24 12:09:49 |
|  2 | æ·±å…¥ç†è§£æ•°æ®åº“ç´¢å¼•          | è®²è§£æ•°æ®åº“ç´¢å¼•åŸç†          | 2025-03-24 12:09:49 | 2025-03-24 12:09:49 |
|  3 | åˆ†å¸ƒå¼ç³»ç»Ÿè®¾è®¡              | åˆ†å¸ƒå¼æ¶æ„æ ¸å¿ƒæ¦‚å¿µ          | 2025-03-24 12:09:49 | 2025-03-24 12:09:49 |
+----+-----------------------------+-----------------------------+---------------------+---------------------+
3 rows in set (0.00 sec)
```

<br/><br/>

**åˆ›å»º tagsï¼ˆæ ‡ç­¾è¡¨ï¼‰**

```sql
CREATE TABLE test_tags (
    id INT PRIMARY KEY AUTO_INCREMENT,  -- è‡ªå¢ ID
    tag VARCHAR(100) UNIQUE NOT NULL    -- æ ‡ç­¾åç§°ï¼ˆå”¯ä¸€ï¼‰
);
```

<br/>

**æ’å…¥æ•°æ®:**

```
INSERT INTO test_tags (tag) VALUES 
('Golang'), 
('æ•°æ®åº“'), 
('åˆ†å¸ƒå¼ç³»ç»Ÿ');
```

<br/>

**æŸ¥çœ‹:**

```
mysql> select * from test_tags;
+----+-----------------+
| id | tag             |
+----+-----------------+
|  1 | Golang          |
|  3 | åˆ†å¸ƒå¼ç³»ç»Ÿ      |
|  2 | æ•°æ®åº“          |
+----+-----------------+
3 rows in set (0.00 sec)
```

<br/><br/>

**â€Œ åˆ›å»º article_tagsï¼ˆæ–‡ç« -æ ‡ç­¾å…³ç³»è¡¨ï¼‰**

```sql
CREATE TABLE test_article_tags (
    id INT PRIMARY KEY AUTO_INCREMENT,  -- å…³ç³» ID
    article_model_id INT NOT NULL,      -- æ–‡ç«  IDï¼ˆå¤–é”®ï¼‰
    tag_model_id INT NOT NULL,          -- æ ‡ç­¾ IDï¼ˆå¤–é”®ï¼‰
    FOREIGN KEY (article_model_id) REFERENCES test_articles(id) ON DELETE CASCADE,
    FOREIGN KEY (tag_model_id) REFERENCES test_tags(id) ON DELETE CASCADE,
    UNIQUE (article_model_id, tag_model_id) -- ç¡®ä¿æ–‡ç« å’Œæ ‡ç­¾çš„å…³ç³»ä¸é‡å¤
);
```

<br/>

**æ’å…¥æ•°æ®:**

```sql
INSERT INTO test_article_tags (article_model_id, tag_model_id) VALUES 
(1, 1), -- æ–‡ç«  1 å…³è” "Golang"
(2, 2), -- æ–‡ç«  2 å…³è” "æ•°æ®åº“"
(3, 3), -- æ–‡ç«  3 å…³è” "åˆ†å¸ƒå¼ç³»ç»Ÿ"
(1, 2); -- æ–‡ç«  1 ä¹Ÿå…³è” "æ•°æ®åº“"
```

**æŸ¥çœ‹:**

```
select * from test_article_tags;

+----+------------------+--------------+
| id | article_model_id | tag_model_id |
+----+------------------+--------------+
|  1 |                1 |            1 |
|  4 |                1 |            2 |
|  2 |                2 |            2 |
|  3 |                3 |            3 |
+----+------------------+--------------+
4 rows in set (0.00 sec)
```

***
<br/><br/>

**ğŸ”¹ç¬¬ä¸€æ­¥ï¼šå…ˆæ‰§è¡Œ JOIN article_tags**

```sql
SELECT a.*
FROM test_articles a
JOIN test_article_tags at ON a.id = at.article_model_id;
```
<br/>

**æŸ¥è¯¢ç»“æœ**

```
+----+-----------------------------+-----------------------------+---------------------+---------------------+
| id | title                       | content                     | created_at          | updated_at          |
+----+-----------------------------+-----------------------------+---------------------+---------------------+
|  1 | Golang å…¥é—¨æŒ‡å—             | å­¦ä¹  Go è¯­è¨€åŸºç¡€            | 2025-03-24 12:09:49 | 2025-03-24 12:09:49 |
|  1 | Golang å…¥é—¨æŒ‡å—             | å­¦ä¹  Go è¯­è¨€åŸºç¡€            | 2025-03-24 12:09:49 | 2025-03-24 12:09:49 |
|  2 | æ·±å…¥ç†è§£æ•°æ®åº“ç´¢å¼•          | è®²è§£æ•°æ®åº“ç´¢å¼•åŸç†          | 2025-03-24 12:09:49 | 2025-03-24 12:09:49 |
|  3 | åˆ†å¸ƒå¼ç³»ç»Ÿè®¾è®¡              | åˆ†å¸ƒå¼æ¶æ„æ ¸å¿ƒæ¦‚å¿µ          | 2025-03-24 12:09:49 | 2025-03-24 12:09:49 |
+----+-----------------------------+-----------------------------+---------------------+---------------------+
4 rows in set (0.01 sec)
```

ğŸ“Œ **è§£æ**
- `JOIN test_article_tags` è®© **æ–‡ç« è¡¨ (`test_articles`) å’Œ `test_article_tags`ï¼ˆæ–‡ç« -æ ‡ç­¾å…³ç³»è¡¨ï¼‰** è¿æ¥èµ·æ¥ã€‚
- æ¯ç¯‡æ–‡ç« å¯èƒ½åŒ¹é…å¤šä¸ªæ ‡ç­¾ï¼Œæ‰€ä»¥ `æ–‡ç«  1` å‡ºç°äº†ä¸¤æ¬¡ï¼ˆå› ä¸ºå®ƒæœ‰ä¸¤ä¸ªæ ‡ç­¾ï¼‰ã€‚


<br/>

**SQLè¯­å¥é€å¥è§£æ:**

```sql
SELECT a.*
```
- **ä½œç”¨**ï¼šé€‰å–æ–‡ç« è¡¨æ‰€æœ‰å­—æ®µ
- **ç¤ºä¾‹ç»“æœ**ï¼šå°†è¿”å›idã€titleã€contentä¸‰ä¸ªå­—æ®µ
- **æ³¨æ„**ï¼šä½¿ç”¨`a.*`è€Œé`*`å¯é¿å…å­—æ®µæ­§ä¹‰

<br/>

```sql
FROM test_articles a
```
- **ä½œç”¨**ï¼šæŒ‡å®šä¸»æŸ¥è¯¢è¡¨å¹¶è®¾ç½®åˆ«å
- **åˆ«åæœºåˆ¶**ï¼š`test_articles a`ç­‰ä»·äº`test_articles AS a`
- **åç»­å¼•ç”¨**ï¼šæ‰€æœ‰test_articleså­—æ®µé€šè¿‡`a.column`è®¿é—®

<br/>

```sql
JOIN test_article_tags at ON a.id = at.article_model_id
```
- **è¿æ¥ç±»å‹**ï¼šINNER JOINï¼ˆé»˜è®¤ï¼‰
- **è¿æ¥é€»è¾‘**ï¼šé€šè¿‡æ¡¥æ¢è¡¨å»ºç«‹æ–‡ç« ä¸æ ‡ç­¾çš„å…³è”

***
<br/><br/>

**ğŸ”¹ç¬¬ä¸€æ­¥ï¼šå† JOIN tags è¿‡æ»¤æŒ‡å®šæ ‡ç­¾**

```
SELECT a.*
FROM test_articles a
JOIN test_article_tags at ON a.id = at.article_model_id
JOIN test_tags t ON at.tag_model_id = t.id
WHERE t.tag = 'Golang';

+----+---------------------+------------------------+---------------------+---------------------+
| id | title               | content                | created_at          | updated_at          |
+----+---------------------+------------------------+---------------------+---------------------+
|  1 | Golang å…¥é—¨æŒ‡å—     | å­¦ä¹  Go è¯­è¨€åŸºç¡€       | 2025-03-24 12:09:49 | 2025-03-24 12:09:49 |
+----+---------------------+------------------------+---------------------+---------------------+
1 row in set (0.00 sec)
```

ğŸ“Œ **è§£æ**
- é€šè¿‡ **`JOIN tags`**ï¼Œæˆ‘ä»¬æŠŠ `test_article_tags` è¡¨ä¸­çš„ `tag_model_id` å’Œ `test_tags` è¡¨çš„ `id` è¿›è¡ŒåŒ¹é…ï¼Œè·å–æ ‡ç­¾åç§°ã€‚
- é€šè¿‡ **`WHERE t.tag = 'Golang'`**ï¼Œæˆ‘ä»¬ç­›é€‰å‡ºäº† **åªå¸¦æœ‰ `Golang` æ ‡ç­¾çš„æ–‡ç« **ã€‚

---
<br/><br/>

**ğŸ”¹ç¬¬ä¸‰æ­¥ï¼šåŠ ä¸Š `LIMIT` è¿›è¡Œåˆ†é¡µ**

```sql
SELECT a.*
FROM test_articles a
JOIN test_article_tags at ON a.id = at.article_model_id
JOIN test_tags t ON at.tag_model_id = t.id
WHERE t.tag = 'Golang'
LIMIT 20 OFFSET 0;

+----+---------------------+------------------------+---------------------+---------------------+
| id | title               | content                | created_at          | updated_at          |
+----+---------------------+------------------------+---------------------+---------------------+
|  1 | Golang å…¥é—¨æŒ‡å—     | å­¦ä¹  Go è¯­è¨€åŸºç¡€       | 2025-03-24 12:09:49 | 2025-03-24 12:09:49 |
+----+---------------------+------------------------+---------------------+---------------------+
1 row in set (0.01 sec)
```

ğŸ“Œ **è§£æ**
- `LIMIT 20 OFFSET 0` è®©æˆ‘ä»¬ **åªè·å–å‰ 20 æ¡æ•°æ®**ï¼Œè€Œä¸ä¼šè¿”å›æ‰€æœ‰åŒ¹é…ç»“æœã€‚
- **åˆ†é¡µé€»è¾‘**
  - `OFFSET 0`ï¼šä»ç¬¬ 0 æ¡å¼€å§‹å–æ•°æ®ï¼ˆé»˜è®¤ï¼‰ã€‚
  - `LIMIT 20`ï¼šæœ€å¤šå– 20 æ¡æ•°æ®ã€‚